{
    "$schema": "https://gitlab.com/kicad/addons/-/raw/main/schemas/v1/metadata.json",
    "name": "USB-PD-Library",
    "description": "This addon contains the Symbols and Footprints for USB-C PD Trigger boards.",
    "description_full": "This addon contains the Symbols and Footprints for USB-C PD Trigger boards from this Github Repo: https://github.com/marove2000/PD_trigger_board",
    "identifier": "com.github.marove2000.usb-pd-library",
    "type": "library",
    "author": {
        "name": "Mario Langhammer",
        "contact": {
            "web": "https://github.com/Mallo321123"
        }
    },
    "license": "CC-BY-SA-4.0",
    "resources": {
        "repository": "https://github.com/marove2000/PD_trigger_board"
    },
    "tags": [
        "footprints",
        "symbols"
    ],
    "versions": [{
        "version": "0.1.0",
        "status": "stable",
        "kicad_version": "8.0.0"
    }]
}
